日期,股票代码,开盘,收盘,最高,最低,成交量,成交额,振幅,涨跌幅,涨跌额,换手率
2023-06-19,688334,22.22,20.73,23.0,20.51,511882,1089237296.0,17.58,46.4,6.57,71.7
2023-06-20,688334,21.5,19.76,21.95,19.76,333900,690815970.0,10.56,-4.68,-0.97,46.77
2023-06-21,688334,19.08,18.2,19.38,18.09,242985,454593022.0,6.53,-7.89,-1.56,34.03
2023-06-26,688334,18.28,18.41,18.92,18.03,135898,251350729.0,4.89,1.15,0.21,19.03
2023-06-27,688334,18.51,18.16,18.53,17.72,123906,223037985.0,4.4,-1.36,-0.25,17.36
2023-06-28,688334,18.13,17.48,18.13,17.25,112112,196564655.0,4.85,-3.74,-0.68,15.7
2023-06-29,688334,17.5,17.78,18.07,17.43,76988,136943578.0,3.66,1.72,0.3,10.78
2023-06-30,688334,17.68,17.96,18.14,17.61,73370,131800429.0,2.98,1.01,0.18,9.94
2023-07-03,688334,18.08,18.07,18.46,17.93,66508,120726739.0,2.95,0.61,0.11,9.01
2023-07-04,688334,18.06,18.16,18.16,17.92,45815,82728007.0,1.33,0.5,0.09,6.2
2023-07-05,688334,18.15,17.87,18.35,17.74,51682,92998476.0,3.36,-1.6,-0.29,7.0
2023-07-06,688334,17.86,18.18,18.35,17.74,59225,107146667.0,3.41,1.73,0.31,8.02
2023-07-07,688334,18.04,17.84,18.33,17.82,52370,94400448.0,2.81,-1.87,-0.34,7.09
2023-07-10,688334,18.08,18.45,18.46,17.97,78580,143875235.0,2.75,3.42,0.61,10.64
2023-07-11,688334,18.45,18.41,18.48,18.19,51030,93380186.0,1.57,-0.22,-0.04,6.91
2023-07-12,688334,18.4,18.03,18.48,17.99,62146,113552924.0,2.66,-2.06,-0.38,8.42
2023-07-13,688334,18.15,18.27,18.43,17.98,54949,100022856.0,2.5,1.33,0.24,7.44
2023-07-14,688334,18.23,18.23,18.55,18.18,49835,91291420.0,2.03,-0.22,-0.04,6.75
2023-07-17,688334,18.22,18.15,18.47,18.07,52029,95088257.0,2.19,-0.44,-0.08,7.05
2023-07-18,688334,18.18,17.81,18.21,17.8,60397,108270765.0,2.26,-1.87,-0.34,8.18
2023-07-19,688334,17.78,17.86,17.91,17.61,35070,62319969.0,1.68,0.28,0.05,4.75
2023-07-20,688334,17.84,17.5,17.93,17.5,38621,68431937.0,2.41,-2.02,-0.36,5.23
2023-07-21,688334,17.43,17.18,17.56,17.16,39657,68730264.0,2.29,-1.83,-0.32,5.37
2023-07-24,688334,17.18,17.04,17.24,17.0,23589,40321079.0,1.4,-0.81,-0.14,3.19
2023-07-25,688334,17.21,17.48,17.66,17.09,41810,72669307.0,3.35,2.58,0.44,5.66
2023-07-26,688334,17.45,17.24,17.45,17.14,28899,49879889.0,1.77,-1.37,-0.24,3.91
2023-07-27,688334,17.23,17.23,17.29,17.05,30486,52348373.0,1.39,-0.06,-0.01,4.13
2023-07-28,688334,17.2,17.12,17.24,16.62,61119,103372726.0,3.6,-0.64,-0.11,8.28
2023-07-31,688334,17.06,17.15,17.24,17.06,25074,43001439.0,1.05,0.18,0.03,3.4
2023-08-01,688334,17.16,17.07,17.19,17.01,19325,33007292.0,1.05,-0.47,-0.08,2.62
2023-08-02,688334,17.25,17.38,17.5,17.19,66085,114749911.0,1.82,1.82,0.31,8.95
2023-08-03,688334,17.2,17.09,17.23,17.08,35694,61110500.0,0.86,-1.67,-0.29,4.83
2023-08-04,688334,17.14,17.18,17.19,17.01,23984,41067619.0,1.05,0.53,0.09,3.25
2023-08-07,688334,17.15,16.9,17.2,16.89,33567,57148618.0,1.8,-1.63,-0.28,4.55
2023-08-08,688334,16.9,17.01,17.09,16.87,20000,33931690.0,1.3,0.65,0.11,2.71
2023-08-09,688334,17.01,17.36,17.46,17.0,55629,96002033.0,2.7,2.06,0.35,7.53
2023-08-10,688334,17.36,17.55,17.59,17.25,53151,92941054.0,1.96,1.09,0.19,7.2
2023-08-11,688334,17.54,17.12,17.64,17.11,40441,70201446.0,3.02,-2.45,-0.43,5.48
2023-08-14,688334,17.01,17.08,17.11,16.71,34006,57323239.0,2.34,-0.23,-0.04,4.61
2023-08-15,688334,16.99,16.95,17.42,16.78,25675,43598111.0,3.75,-0.76,-0.13,3.48
2023-08-16,688334,16.83,17.13,17.37,16.75,37542,64377611.0,3.66,1.06,0.18,5.08
2023-08-17,688334,17.03,17.41,17.41,16.83,39191,67404877.0,3.39,1.63,0.28,5.31
2023-08-18,688334,17.58,17.95,18.42,17.56,129094,233195178.0,4.94,3.1,0.54,17.48
2023-08-21,688334,17.99,17.75,18.24,17.72,68434,122924348.0,2.9,-1.11,-0.2,9.27
2023-08-22,688334,17.77,17.47,17.88,16.95,70409,122531482.0,5.24,-1.58,-0.28,9.54
2023-08-23,688334,17.33,16.74,17.45,16.68,56076,95347773.0,4.41,-4.18,-0.73,7.59
2023-08-24,688334,16.8,16.84,17.1,15.82,77990,128278395.0,7.65,0.6,0.1,10.56
2023-08-25,688334,16.56,15.76,16.58,15.68,57666,92842503.0,5.34,-6.41,-1.08,7.81
2023-08-28,688334,16.61,16.06,16.84,15.93,58210,95490113.0,5.77,1.9,0.3,7.88
2023-08-29,688334,16.15,17.28,17.31,16.0,72735,122763375.0,8.16,7.6,1.22,9.85
2023-08-30,688334,17.4,17.83,17.96,17.35,78168,138572217.0,3.53,3.18,0.55,10.59
2023-08-31,688334,17.66,17.85,18.46,17.62,97446,176457526.0,4.71,0.11,0.02,13.2
2023-09-01,688334,17.9,17.88,18.24,17.8,51596,92844616.0,2.46,0.17,0.03,6.99
2023-09-04,688334,17.65,17.83,17.99,17.54,49134,87008721.0,2.52,-0.28,-0.05,6.65
2023-09-05,688334,17.73,17.64,18.06,17.6,38113,67952764.0,2.58,-1.07,-0.19,5.16
2023-09-06,688334,17.63,17.69,17.76,17.44,26347,46405840.0,1.81,0.28,0.05,3.57
2023-09-07,688334,17.61,16.96,17.69,16.92,38676,66737764.0,4.35,-4.13,-0.73,5.24
2023-09-08,688334,16.93,17.02,17.12,16.75,21672,36702146.0,2.18,0.35,0.06,2.94
2023-09-11,688334,17.03,17.42,17.49,16.99,30634,52987920.0,2.94,2.35,0.4,4.15
2023-09-12,688334,17.35,17.29,17.49,17.19,17956,31109140.0,1.72,-0.75,-0.13,2.43
2023-09-13,688334,17.19,16.9,17.28,16.74,23266,39428253.0,3.12,-2.26,-0.39,3.15
2023-09-14,688334,16.88,16.55,16.95,16.4,23757,39410306.0,3.25,-2.07,-0.35,3.22
2023-09-15,688334,16.65,16.53,16.83,16.46,15905,26419127.0,2.24,-0.12,-0.02,2.15
2023-09-18,688334,16.53,16.64,16.83,16.41,16329,27170124.0,2.54,0.67,0.11,2.21
2023-09-19,688334,16.8,16.31,16.8,16.27,24703,40401481.0,3.19,-1.98,-0.33,3.35
2023-09-20,688334,16.29,16.18,16.4,16.17,12543,20405964.0,1.41,-0.8,-0.13,1.7
2023-09-21,688334,16.18,16.24,16.33,16.09,14345,23233063.0,1.48,0.37,0.06,1.94
2023-09-22,688334,16.2,16.57,16.63,16.1,20189,33186703.0,3.26,2.03,0.33,2.73
2023-09-25,688334,16.58,16.49,16.68,16.45,18122,29945151.0,1.39,-0.48,-0.08,2.45
2023-09-26,688334,16.47,16.63,16.87,16.3,23168,38525319.0,3.46,0.85,0.14,3.14
2023-09-27,688334,16.58,16.83,16.94,16.5,22824,38312158.0,2.65,1.2,0.2,3.09
2023-09-28,688334,16.78,17.13,17.23,16.72,30905,52849974.0,3.03,1.78,0.3,4.19
2023-10-09,688334,17.09,17.15,17.29,17.03,22610,38806571.0,1.52,0.12,0.02,3.06
2023-10-10,688334,17.15,17.24,17.29,16.98,18764,32180586.0,1.81,0.52,0.09,2.54
2023-10-11,688334,17.25,17.36,17.51,17.25,25875,45052039.0,1.51,0.7,0.12,3.5
2023-10-12,688334,17.42,17.3,17.43,17.19,15981,27640090.0,1.38,-0.35,-0.06,2.16
2023-10-13,688334,17.3,16.92,17.3,16.88,23288,39661377.0,2.43,-2.2,-0.38,3.15
2023-10-16,688334,16.92,16.68,16.93,16.52,23303,38873720.0,2.42,-1.42,-0.24,3.16
2023-10-17,688334,16.63,17.11,17.24,16.6,29506,50300519.0,3.84,2.58,0.43,4.0
2023-10-18,688334,17.02,16.79,17.08,16.63,22326,37578405.0,2.63,-1.87,-0.32,3.02
2023-10-19,688334,16.67,16.78,17.2,16.65,20008,33845881.0,3.28,-0.06,-0.01,2.71
2023-10-20,688334,16.68,16.61,16.95,16.59,19490,32672459.0,2.15,-1.01,-0.17,2.64
2023-10-23,688334,16.61,15.74,16.63,15.7,31182,49479630.0,5.6,-5.24,-0.87,4.22
2023-10-24,688334,15.85,16.47,16.55,15.68,29272,47490046.0,5.53,4.64,0.73,3.96
2023-10-25,688334,16.47,16.42,16.58,16.31,16562,27209132.0,1.64,-0.3,-0.05,2.24
2023-10-26,688334,16.4,16.42,16.47,16.16,12513,20428244.0,1.89,0.0,0.0,1.69
2023-10-27,688334,16.4,16.75,16.82,16.2,22244,36885170.0,3.78,2.01,0.33,3.01
2023-10-30,688334,16.69,17.05,17.11,16.65,22165,37602491.0,2.75,1.79,0.3,3.0
2023-10-31,688334,16.93,17.18,17.33,16.93,18501,31711868.0,2.35,0.76,0.13,2.51
2023-11-01,688334,17.11,16.99,17.24,16.91,16773,28507652.0,1.92,-1.11,-0.19,2.27
2023-11-02,688334,17.04,16.86,17.09,16.8,13841,23383164.0,1.71,-0.77,-0.13,1.87
2023-11-03,688334,16.89,17.0,17.08,16.86,16122,27379699.0,1.3,0.83,0.14,2.18
2023-11-06,688334,17.09,17.06,17.27,17.01,23674,40489631.0,1.53,0.35,0.06,3.21
2023-11-07,688334,17.02,17.09,17.14,16.86,30503,51809548.0,1.64,0.18,0.03,4.13
2023-11-08,688334,17.04,16.93,17.08,16.76,29346,49600905.0,1.87,-0.94,-0.16,3.97
2023-11-09,688334,16.87,16.9,17.04,16.79,16636,28109877.0,1.48,-0.18,-0.03,2.25
2023-11-10,688334,16.85,17.25,17.55,16.68,41910,71793590.0,5.15,2.07,0.35,5.68
2023-11-13,688334,17.23,17.26,17.38,17.06,26764,46030455.0,1.86,0.06,0.01,3.62
2023-11-14,688334,17.26,17.35,17.42,17.17,23338,40325954.0,1.45,0.52,0.09,3.16
2023-11-15,688334,17.44,17.4,17.65,17.27,29372,51154098.0,2.19,0.29,0.05,3.98
2023-11-16,688334,17.39,17.19,17.39,17.12,20850,35893598.0,1.55,-1.21,-0.21,2.82
2023-11-17,688334,17.19,17.25,17.29,17.11,14356,24717030.0,1.05,0.35,0.06,1.94
2023-11-20,688334,17.18,17.23,17.33,17.16,18043,31109767.0,0.99,-0.12,-0.02,2.44
2023-11-21,688334,17.23,17.09,17.27,17.08,22552,38766931.0,1.1,-0.81,-0.14,3.05
2023-11-22,688334,17.09,16.81,17.15,16.81,20243,34258173.0,1.99,-1.64,-0.28,2.74
2023-11-23,688334,16.81,17.01,17.04,16.7,13930,23527468.0,2.02,1.19,0.2,1.89
2023-11-24,688334,17.03,16.7,17.03,16.62,17868,29916487.0,2.41,-1.82,-0.31,2.42
2023-11-27,688334,16.79,17.33,17.41,16.74,58100,100140855.0,4.01,3.77,0.63,7.87
2023-11-28,688334,17.31,17.46,17.65,17.22,43638,76285517.0,2.48,0.75,0.13,5.91
2023-11-29,688334,17.5,17.1,17.62,17.09,29462,50940539.0,3.04,-2.06,-0.36,3.99
2023-11-30,688334,17.1,17.2,17.24,17.01,21960,37587915.0,1.35,0.58,0.1,2.97
2023-12-01,688334,17.19,17.15,17.22,16.89,20946,35659036.0,1.92,-0.29,-0.05,2.84
2023-12-04,688334,17.15,17.43,17.58,17.15,25929,45245350.0,2.51,1.63,0.28,3.51
2023-12-05,688334,17.35,17.12,17.44,17.1,19673,33937447.0,1.95,-1.78,-0.31,2.66
2023-12-06,688334,17.11,17.0,17.21,16.93,18781,32038551.0,1.64,-0.7,-0.12,2.54
2023-12-07,688334,16.93,16.84,17.02,16.83,14284,24185424.0,1.12,-0.94,-0.16,1.93
2023-12-08,688334,16.8,16.71,17.02,16.7,16702,28119721.0,1.9,-0.77,-0.13,2.26
2023-12-11,688334,16.67,16.91,16.94,16.54,13131,22008554.0,2.39,1.2,0.2,1.78
2023-12-12,688334,16.91,16.77,16.94,16.67,13331,22327452.0,1.6,-0.83,-0.14,1.81
2023-12-13,688334,16.77,16.94,17.47,16.7,30441,51973233.0,4.59,1.01,0.17,4.12
2023-12-14,688334,16.9,16.98,17.09,16.83,14111,23948720.0,1.53,0.24,0.04,1.91
2023-12-15,688334,17.04,16.67,17.06,16.65,17743,29770929.0,2.41,-1.83,-0.31,2.4
2023-12-18,688334,16.67,16.24,16.77,16.19,18130,29725220.0,3.48,-2.58,-0.43,2.46
2023-12-19,688334,16.48,16.48,16.58,16.07,43538,70996267.0,3.14,1.48,0.24,5.55
2023-12-20,688334,16.47,16.49,16.9,16.3,32340,53995993.0,3.64,0.06,0.01,4.12
2023-12-21,688334,16.41,16.73,16.81,16.12,25801,42454319.0,4.18,1.46,0.24,3.29
2023-12-22,688334,16.73,16.4,16.78,16.26,16762,27617311.0,3.11,-1.97,-0.33,2.14
2023-12-25,688334,16.23,16.28,16.38,16.12,16392,26599238.0,1.59,-0.73,-0.12,2.09
2023-12-26,688334,16.2,16.29,16.38,16.18,15516,25266002.0,1.23,0.06,0.01,1.98
2023-12-27,688334,16.3,16.45,16.59,16.21,12015,19705433.0,2.33,0.98,0.16,1.53
2023-12-28,688334,16.41,16.89,17.0,16.26,30179,50591340.0,4.5,2.67,0.44,3.85
2023-12-29,688334,16.85,17.33,17.37,16.78,37859,65221568.0,3.49,2.61,0.44,4.83
2024-01-02,688334,17.32,17.3,17.47,17.22,24680,42778331.0,1.44,-0.17,-0.03,3.24
2024-01-03,688334,17.43,17.15,17.43,17.05,20736,35621881.0,2.2,-0.87,-0.15,2.73
2024-01-04,688334,17.18,17.22,17.3,17.05,13150,22603780.0,1.46,0.41,0.07,1.73
2024-01-05,688334,17.22,16.9,17.27,16.79,16203,27541762.0,2.79,-1.86,-0.32,2.13
2024-01-08,688334,16.9,16.45,16.93,16.42,15832,26275988.0,3.02,-2.66,-0.45,2.08
2024-01-09,688334,16.45,16.14,16.61,15.97,32950,53597247.0,3.89,-1.88,-0.31,4.33
2024-01-10,688334,16.02,15.92,16.14,15.73,19402,30910349.0,2.54,-1.36,-0.22,2.55
2024-01-11,688334,15.97,16.1,16.2,15.88,21107,33960609.0,2.01,1.13,0.18,2.78
2024-01-12,688334,16.1,16.01,16.32,15.97,20715,33446470.0,2.17,-0.56,-0.09,2.72
2024-01-15,688334,15.96,15.95,16.02,15.74,12976,20614989.0,1.75,-0.37,-0.06,1.71
2024-01-16,688334,15.9,15.92,16.05,15.72,12851,20380591.0,2.07,-0.19,-0.03,1.69
2024-01-17,688334,15.99,15.7,16.03,15.7,16711,26466954.0,2.07,-1.38,-0.22,2.2
2024-01-18,688334,15.67,15.42,15.69,15.0,23465,35996503.0,4.39,-1.78,-0.28,3.09
2024-01-19,688334,15.42,15.31,15.54,15.18,12826,19634226.0,2.33,-0.71,-0.11,1.69
2024-01-22,688334,15.27,14.44,15.27,14.3,19622,29037719.0,6.34,-5.68,-0.87,2.58
2024-01-23,688334,14.52,14.49,14.58,14.15,12210,17578357.0,2.98,0.35,0.05,1.61
2024-01-24,688334,14.48,15.07,15.14,14.28,24479,35944882.0,5.94,4.0,0.58,3.22
2024-01-25,688334,15.0,15.74,15.92,14.86,27734,43011838.0,7.03,4.45,0.67,3.65
2024-01-26,688334,15.8,15.53,16.04,15.5,19826,31077434.0,3.43,-1.33,-0.21,2.61
2024-01-29,688334,16.03,15.65,16.24,15.57,30944,49128829.0,4.31,0.77,0.12,4.07
2024-01-30,688334,15.48,15.03,15.62,15.03,19787,30186898.0,3.77,-3.96,-0.62,2.6
2024-01-31,688334,14.98,14.76,15.39,14.63,20683,30898336.0,5.06,-1.8,-0.27,2.72
2024-02-01,688334,14.76,14.7,15.12,14.52,15035,22278012.0,4.07,-0.41,-0.06,1.98
2024-02-02,688334,14.75,14.13,14.95,13.6,27880,39803859.0,9.18,-3.88,-0.57,3.67
2024-02-05,688334,13.8,13.48,14.13,13.02,19182,25957708.0,7.86,-4.6,-0.65,2.52
2024-02-06,688334,13.22,14.2,14.51,13.07,17813,24639055.0,10.68,5.34,0.72,2.34
2024-02-07,688334,14.22,13.96,14.48,13.77,17189,24350798.0,5.0,-1.69,-0.24,2.26
2024-02-08,688334,13.96,14.75,14.78,13.96,23070,33450730.0,5.87,5.66,0.79,3.03
2024-02-19,688334,14.86,14.87,15.0,14.6,19666,29141836.0,2.71,0.81,0.12,2.59
2024-02-20,688334,14.72,14.79,14.82,14.57,13327,19580854.0,1.68,-0.54,-0.08,1.75
2024-02-21,688334,14.7,14.93,15.22,14.54,21868,32762128.0,4.6,0.95,0.14,2.88
2024-02-22,688334,14.95,15.11,15.11,14.83,16288,24435809.0,1.88,1.21,0.18,2.14
2024-02-23,688334,15.11,15.2,15.26,15.0,19181,29032163.0,1.72,0.6,0.09,2.52
2024-02-26,688334,15.35,15.3,15.58,15.21,22955,35330191.0,2.43,0.66,0.1,3.02
2024-02-27,688334,15.29,15.58,15.6,15.23,19918,30740915.0,2.42,1.83,0.28,2.62
2024-02-28,688334,15.6,14.83,15.8,14.77,30293,46333539.0,6.61,-4.81,-0.75,3.98
2024-02-29,688334,14.77,15.28,15.28,14.68,18654,28091999.0,4.05,3.03,0.45,2.45
2024-03-01,688334,15.31,15.46,15.53,15.26,17835,27451837.0,1.77,1.18,0.18,2.35
2024-03-04,688334,15.58,15.65,15.88,15.44,27289,42737700.0,2.85,1.23,0.19,3.59
2024-03-05,688334,15.55,15.17,15.65,15.16,18027,27629540.0,3.13,-3.07,-0.48,2.37
2024-03-06,688334,15.19,15.32,15.5,15.09,18509,28335044.0,2.7,0.99,0.15,2.43
2024-03-07,688334,15.32,15.02,15.5,15.02,22143,33819523.0,3.13,-1.96,-0.3,2.91
2024-03-08,688334,14.93,15.16,15.17,14.93,11169,16819867.0,1.6,0.93,0.14,1.47
2024-03-11,688334,15.18,15.6,15.68,15.16,20418,31541273.0,3.43,2.9,0.44,2.68
2024-03-12,688334,15.63,15.65,15.69,15.35,16045,24994275.0,2.18,0.32,0.05,2.11
2024-03-13,688334,15.7,15.91,16.22,15.67,33198,52847813.0,3.51,1.66,0.26,4.36
2024-03-14,688334,15.88,15.7,16.05,15.45,22631,35686764.0,3.77,-1.32,-0.21,2.98
2024-03-15,688334,15.6,15.84,15.85,15.6,12908,20315707.0,1.59,0.89,0.14,1.7
2024-03-18,688334,15.94,16.18,16.21,15.87,25930,41664623.0,2.15,2.15,0.34,3.41
2024-03-19,688334,16.18,16.01,16.32,15.91,29345,47096839.0,2.53,-1.05,-0.17,3.86
2024-03-20,688334,16.03,16.01,16.03,15.88,26015,41492674.0,0.94,0.0,0.0,3.42
2024-03-21,688334,16.04,16.0,16.07,15.87,22032,35099454.0,1.25,-0.06,-0.01,2.9
2024-03-22,688334,15.99,15.89,15.99,15.62,20760,32779458.0,2.31,-0.69,-0.11,2.73
2024-03-25,688334,15.88,15.45,15.88,15.45,29747,46422376.0,2.71,-2.77,-0.44,3.91
2024-03-26,688334,15.45,15.05,15.63,14.9,27907,42351044.0,4.72,-2.59,-0.4,3.67
2024-03-27,688334,15.18,14.04,15.22,14.04,44071,64050560.0,7.84,-6.71,-1.01,5.79
2024-03-28,688334,14.2,14.4,14.55,14.1,27783,39990959.0,3.21,2.56,0.36,3.65
2024-03-29,688334,14.4,14.8,14.82,14.38,23196,33956011.0,3.06,2.78,0.4,3.05
2024-04-01,688334,14.89,14.83,15.02,14.77,26450,39263347.0,1.69,0.2,0.03,3.48
2024-04-02,688334,14.89,14.67,14.89,14.57,17665,25979601.0,2.16,-1.08,-0.16,2.32
2024-04-03,688334,14.71,14.65,14.73,14.47,14096,20609515.0,1.77,-0.14,-0.02,1.85
2024-04-08,688334,14.6,14.48,14.75,14.47,14835,21648565.0,1.91,-1.16,-0.17,1.95
2024-04-09,688334,14.59,14.74,14.75,14.48,9733,14249517.0,1.86,1.8,0.26,1.28
2024-04-10,688334,14.73,14.62,14.75,14.4,14570,21221804.0,2.37,-0.81,-0.12,1.92
2024-04-11,688334,14.57,15.09,15.45,14.52,53372,80684560.0,6.36,3.21,0.47,7.02
2024-04-12,688334,15.09,15.03,15.3,15.0,41305,62364740.0,1.99,-0.4,-0.06,5.43
2024-04-15,688334,14.9,15.35,15.77,14.9,60018,92152449.0,5.79,2.13,0.32,7.89
2024-04-16,688334,15.2,14.88,15.24,14.63,35904,53541077.0,3.97,-3.06,-0.47,4.72
2024-04-17,688334,14.91,15.5,15.5,14.91,42615,65359256.0,3.97,4.17,0.62,5.6
2024-04-18,688334,15.35,15.72,16.06,15.35,47139,73756696.0,4.58,1.42,0.22,6.2
2024-04-19,688334,15.54,15.44,15.73,15.18,40412,62309448.0,3.5,-1.78,-0.28,5.31
2024-04-22,688334,15.27,15.23,15.8,15.22,24689,38042587.0,3.76,-1.36,-0.21,3.25
2024-04-23,688334,15.14,15.08,15.37,15.0,19848,30031120.0,2.43,-0.98,-0.15,2.61
2024-04-24,688334,15.18,15.24,15.25,15.01,17849,27033224.0,1.59,1.06,0.16,2.35
2024-04-25,688334,15.2,15.23,15.3,15.1,17370,26418747.0,1.31,-0.07,-0.01,2.28
2024-04-26,688334,15.11,15.3,15.35,15.06,29143,44421814.0,1.9,0.46,0.07,3.83
2024-04-29,688334,15.32,15.58,15.61,15.32,31603,48926888.0,1.9,1.83,0.28,4.16
2024-04-30,688334,15.83,15.57,15.9,15.51,37655,58844217.0,2.5,-0.06,-0.01,4.95
2024-05-06,688334,15.8,15.77,15.87,15.67,34640,54644526.0,1.28,1.28,0.2,4.55
2024-05-07,688334,15.81,15.81,15.98,15.71,21894,34652359.0,1.71,0.25,0.04,2.88
2024-05-08,688334,15.83,15.84,16.25,15.74,42414,67947989.0,3.23,0.19,0.03,5.58
2024-05-09,688334,15.81,15.96,16.01,15.72,23402,37179911.0,1.83,0.76,0.12,3.08
2024-05-10,688334,15.99,16.2,16.49,15.85,54459,88428121.0,4.01,1.5,0.24,7.16
2024-05-13,688334,16.12,16.07,16.46,15.82,48180,77474322.0,3.95,-0.8,-0.13,6.33
2024-05-14,688334,15.93,15.89,16.12,15.85,28713,45775189.0,1.68,-1.12,-0.18,3.78
2024-05-15,688334,15.83,15.6,15.94,15.56,28239,44531612.0,2.39,-1.83,-0.29,3.71
2024-05-16,688334,15.62,15.6,15.81,15.47,20410,31958375.0,2.18,0.0,0.0,2.68
2024-05-17,688334,15.68,15.74,15.77,15.57,19870,31125882.0,1.28,0.9,0.14,2.61
2024-05-20,688334,15.77,16.14,16.2,15.7,43389,69308261.0,3.18,2.54,0.4,5.7
2024-05-21,688334,16.09,15.8,16.09,15.75,22219,35269873.0,2.11,-2.11,-0.34,2.92
2024-05-22,688334,15.78,15.83,15.94,15.71,12641,20009587.0,1.46,0.19,0.03,1.66
2024-05-23,688334,15.93,15.54,15.96,15.52,20939,32855790.0,2.78,-1.83,-0.29,2.75
2024-05-24,688334,15.45,15.52,15.95,15.41,21314,33450865.0,3.47,-0.13,-0.02,2.8
2024-05-27,688334,15.6,16.02,16.28,15.45,45993,73504883.0,5.35,3.22,0.5,6.05
2024-05-28,688334,15.94,16.23,16.38,15.89,47880,77607794.0,3.06,1.31,0.21,6.3
2024-05-29,688334,16.0,15.98,16.18,15.9,29926,47938848.0,1.73,-1.54,-0.25,3.93
2024-05-30,688334,15.88,15.78,15.99,15.73,23037,36430202.0,1.63,-1.25,-0.2,3.03
2024-05-31,688334,15.6,15.63,15.75,15.48,18474,28855902.0,1.71,-0.95,-0.15,2.43
2024-06-03,688334,15.6,15.53,15.74,15.41,15923,24711114.0,2.11,-0.64,-0.1,2.09
2024-06-04,688334,15.65,15.91,15.93,15.33,29154,45688347.0,3.86,2.45,0.38,3.83
2024-06-05,688334,15.92,15.36,16.08,15.36,31798,50038102.0,4.53,-3.46,-0.55,4.18
2024-06-06,688334,15.28,14.9,15.39,14.6,38397,57474772.0,5.14,-2.99,-0.46,5.05
2024-06-07,688334,14.93,15.02,15.17,14.86,17292,25984464.0,2.08,0.81,0.12,2.27
2024-06-11,688334,14.96,15.02,15.24,14.78,12791,19105514.0,3.06,0.0,0.0,1.68
2024-06-12,688334,15.0,15.04,15.14,14.96,10826,16298886.0,1.2,0.13,0.02,1.42
2024-06-13,688334,14.99,15.89,16.05,14.99,60366,94520744.0,7.05,5.65,0.85,7.94
2024-06-14,688334,15.66,15.93,16.59,15.66,77042,124844727.0,5.85,0.25,0.04,10.13
2024-06-17,688334,15.85,16.14,16.38,15.79,61648,99209362.0,3.7,1.32,0.21,8.11
2024-06-18,688334,16.13,16.22,16.28,15.88,44280,71293937.0,2.48,0.5,0.08,5.82
2024-06-19,688334,16.23,16.01,16.28,16.0,28534,45900925.0,1.73,-1.29,-0.21,3.75
2024-06-20,688334,15.91,16.18,16.47,15.91,48758,79341932.0,3.5,1.06,0.17,6.41
2024-06-21,688334,16.05,16.18,16.48,15.95,34401,55694232.0,3.28,0.0,0.0,4.52
2024-06-24,688334,16.18,15.6,16.36,15.5,38413,61006139.0,5.32,-3.58,-0.58,5.05
2024-06-25,688334,15.68,15.44,15.68,15.34,20223,31327591.0,2.18,-1.03,-0.16,2.66
2024-06-26,688334,15.44,15.87,15.89,15.35,20522,32247367.0,3.5,2.78,0.43,2.7
2024-06-27,688334,15.8,15.6,15.87,15.55,15130,23743420.0,2.02,-1.7,-0.27,1.99
2024-06-28,688334,15.47,16.1,16.3,15.47,37245,59736566.0,5.32,3.21,0.5,4.9
2024-07-01,688334,16.09,16.09,16.22,15.82,25067,40091652.0,2.48,-0.06,-0.01,3.3
2024-07-02,688334,15.98,15.85,16.16,15.76,21439,34121618.0,2.49,-1.49,-0.24,2.82
2024-07-03,688334,15.91,15.26,15.92,15.11,33383,51428902.0,5.11,-3.72,-0.59,4.39
2024-07-04,688334,15.26,14.85,15.34,14.81,18795,28298626.0,3.47,-2.69,-0.41,2.47
2024-07-05,688334,14.92,15.0,15.16,14.78,12497,18695937.0,2.56,1.01,0.15,1.64
2024-07-08,688334,15.0,14.6,15.01,14.56,14504,21395410.0,3.0,-2.67,-0.4,1.91
2024-07-09,688334,14.6,15.05,15.15,14.5,16758,24909493.0,4.45,3.08,0.45,2.21
2024-07-10,688334,15.0,14.96,15.19,14.89,16769,25203468.0,1.99,-0.6,-0.09,2.21
2024-07-11,688334,15.2,15.19,15.3,15.1,16267,24730233.0,1.34,1.54,0.23,2.14
2024-07-12,688334,15.23,15.11,15.27,15.01,10637,16050887.0,1.71,-0.53,-0.08,1.4
2024-07-15,688334,15.15,14.75,15.15,14.73,11815,17511506.0,2.78,-2.38,-0.36,1.55
2024-07-16,688334,14.82,14.76,14.82,14.55,10291,15089966.0,1.83,0.07,0.01,1.35
2024-07-17,688334,14.65,14.57,14.76,14.5,11305,16484733.0,1.76,-1.29,-0.19,1.49
2024-07-18,688334,14.69,14.68,14.71,14.42,10418,15185266.0,1.99,0.75,0.11,1.37
2024-07-19,688334,14.66,14.71,14.81,14.55,9671,14225332.0,1.77,0.2,0.03,1.27
2024-07-22,688334,14.77,14.74,14.79,14.63,8299,12226521.0,1.09,0.2,0.03,1.09
2024-07-23,688334,14.7,14.41,14.81,14.4,13567,19797304.0,2.78,-2.24,-0.33,1.79
2024-07-24,688334,14.4,14.28,14.47,14.23,8531,12221239.0,1.67,-0.9,-0.13,1.12
2024-07-25,688334,14.24,14.3,14.46,14.12,11103,15846264.0,2.38,0.14,0.02,1.46
2024-07-26,688334,14.32,14.46,14.51,14.2,7315,10565352.0,2.17,1.12,0.16,0.96
2024-07-29,688334,14.5,14.46,14.53,14.35,9370,13500253.0,1.24,0.0,0.0,1.23
2024-07-30,688334,14.43,14.52,14.61,14.35,9620,13969647.0,1.8,0.41,0.06,1.27
2024-07-31,688334,14.55,14.86,14.88,14.41,15060,22220208.0,3.24,2.34,0.34,1.98
2024-08-01,688334,14.89,14.75,14.95,14.73,13257,19620149.0,1.48,-0.74,-0.11,1.74
2024-08-02,688334,14.65,14.57,14.7,14.51,8795,12857425.0,1.29,-1.22,-0.18,1.16
2024-08-05,688334,14.4,14.23,14.63,14.22,10507,15121989.0,2.81,-2.33,-0.34,1.38
2024-08-06,688334,14.25,14.42,14.47,14.25,5870,8424097.0,1.55,1.34,0.19,0.77
2024-08-07,688334,14.44,14.56,14.7,14.38,11964,17428706.0,2.22,0.97,0.14,1.57
2024-08-08,688334,14.57,14.38,14.57,14.27,5961,8571538.0,2.06,-1.24,-0.18,0.78
2024-08-09,688334,14.38,14.35,14.52,14.34,5248,7566925.0,1.25,-0.21,-0.03,0.69
2024-08-12,688334,14.68,14.49,14.68,14.42,14908,21700069.0,1.81,0.98,0.14,1.96
2024-08-13,688334,14.63,14.55,14.63,14.39,5679,8226193.0,1.66,0.41,0.06,0.75
2024-08-14,688334,14.51,14.47,14.57,14.42,4102,5943060.0,1.03,-0.55,-0.08,0.54
2024-08-15,688334,14.47,14.56,14.63,14.39,8128,11788884.0,1.66,0.62,0.09,1.07
2024-08-16,688334,14.51,14.34,14.53,14.26,9110,13123965.0,1.85,-1.51,-0.22,1.2
2024-08-19,688334,14.33,14.38,14.46,14.3,4276,6148661.0,1.12,0.28,0.04,0.56
2024-08-20,688334,14.46,14.3,14.46,14.25,7080,10129234.0,1.46,-0.56,-0.08,0.93
2024-08-21,688334,14.29,14.31,14.37,14.18,3877,5531551.0,1.33,0.07,0.01,0.51
2024-08-22,688334,14.33,14.0,14.33,14.0,12152,17157037.0,2.31,-2.17,-0.31,1.6
2024-08-23,688334,14.0,13.87,14.08,13.8,7266,10093150.0,2.0,-0.93,-0.13,0.96
2024-08-26,688334,13.85,13.96,14.13,13.85,4654,6519572.0,2.02,0.65,0.09,0.61
2024-08-27,688334,14.0,13.86,14.18,13.82,3375,4694409.0,2.58,-0.72,-0.1,0.44
2024-08-28,688334,13.94,13.97,14.07,13.85,6221,8693594.0,1.59,0.79,0.11,0.82
2024-08-29,688334,14.02,14.25,14.33,13.9,9011,12772019.0,3.08,2.0,0.28,1.19
2024-08-30,688334,14.26,14.45,14.59,14.17,13125,18985885.0,2.95,1.4,0.2,1.73
2024-09-02,688334,14.35,14.15,14.55,14.15,8356,11976818.0,2.77,-2.08,-0.3,1.1
2024-09-03,688334,14.15,14.23,14.34,14.13,7640,10870929.0,1.48,0.57,0.08,1.01
2024-09-04,688334,14.19,14.25,14.44,14.02,8821,12494117.0,2.95,0.14,0.02,1.16
2024-09-05,688334,14.31,14.28,14.38,14.19,6319,9021591.0,1.33,0.21,0.03,0.83
2024-09-06,688334,14.29,13.95,14.29,13.94,8196,11546103.0,2.45,-2.31,-0.33,1.08
2024-09-09,688334,13.95,14.11,14.11,13.85,5416,7583346.0,1.86,1.15,0.16,0.71
2024-09-10,688334,14.12,14.19,14.26,13.98,5662,7987066.0,1.98,0.57,0.08,0.75
2024-09-11,688334,14.25,14.21,14.46,14.08,5324,7598702.0,2.68,0.14,0.02,0.7
2024-09-12,688334,14.21,14.36,14.5,14.2,11477,16539816.0,2.11,1.06,0.15,1.51
2024-09-13,688334,14.39,14.2,14.47,14.11,10030,14323221.0,2.51,-1.11,-0.16,1.32
2024-09-18,688334,14.2,14.26,14.34,13.96,8297,11737013.0,2.68,0.42,0.06,1.09
2024-09-19,688334,14.3,14.64,14.75,14.23,26601,38800895.0,3.65,2.66,0.38,3.5
2024-09-20,688334,14.7,14.71,14.96,14.54,29156,43090638.0,2.87,0.48,0.07,3.84
2024-09-23,688334,14.65,14.66,14.83,14.56,12000,17640047.0,1.84,-0.34,-0.05,1.58
2024-09-24,688334,14.72,14.97,15.0,14.52,25405,37572990.0,3.27,2.11,0.31,3.34
2024-09-25,688334,15.1,14.94,15.31,14.92,29613,44723643.0,2.61,-0.2,-0.03,3.9
2024-09-26,688334,14.95,15.31,15.33,14.84,30739,46517323.0,3.28,2.48,0.37,4.05
2024-09-27,688334,15.39,15.91,16.1,15.31,33996,53335581.0,5.16,3.92,0.6,4.47
2024-09-30,688334,16.57,17.66,17.88,16.23,111590,190977247.0,10.37,11.0,1.75,14.69
2024-10-08,688334,20.73,19.06,20.87,17.77,136075,260370448.0,17.55,7.93,1.4,17.91
2024-10-09,688334,18.5,17.2,18.79,17.2,70563,127291449.0,8.34,-9.76,-1.86,9.29
2024-10-10,688334,17.55,17.72,18.27,17.2,49713,88330205.0,6.22,3.02,0.52,6.54
2024-10-11,688334,17.82,16.66,17.82,16.5,46125,78045134.0,7.45,-5.98,-1.06,6.07
2024-10-14,688334,16.9,16.82,16.93,16.46,33548,56030967.0,2.82,0.96,0.16,4.42
2024-10-15,688334,16.83,16.59,17.3,16.55,38492,65145289.0,4.46,-1.37,-0.23,5.07
2024-10-16,688334,16.43,17.12,17.59,16.32,39052,66803216.0,7.66,3.19,0.53,5.14
2024-10-17,688334,17.17,17.0,17.36,16.9,24605,41997028.0,2.69,-0.7,-0.12,3.24
2024-10-18,688334,16.89,17.43,17.64,16.82,46168,80188325.0,4.82,2.53,0.43,6.08
2024-10-21,688334,17.51,17.75,17.85,17.36,56758,99752482.0,2.81,1.84,0.32,7.47
2024-10-22,688334,17.62,18.18,18.3,17.45,54199,97466273.0,4.79,2.42,0.43,7.13
2024-10-23,688334,18.0,18.02,18.43,17.78,44621,80802535.0,3.58,-0.88,-0.16,5.87
2024-10-24,688334,17.71,17.71,17.99,17.57,27511,48764285.0,2.33,-1.72,-0.31,3.62
2024-10-25,688334,17.71,17.93,18.01,17.68,31568,56335513.0,1.86,1.24,0.22,4.15
2024-10-28,688334,17.92,17.89,18.02,17.77,34222,61197129.0,1.39,-0.22,-0.04,4.5
2024-10-29,688334,17.98,17.89,18.02,17.68,34083,60810267.0,1.9,0.0,0.0,4.49
2024-10-30,688334,17.7,17.05,17.74,16.8,55390,95644395.0,5.25,-4.7,-0.84,7.29
2024-10-31,688334,17.14,17.21,17.5,17.0,40186,69424550.0,2.93,0.94,0.16,5.29
2024-11-01,688334,17.22,16.61,17.29,16.55,38651,64911389.0,4.3,-3.49,-0.6,5.09
2024-11-04,688334,16.58,16.78,16.94,16.5,26834,44973856.0,2.65,1.02,0.17,3.53
2024-11-05,688334,16.8,17.17,17.18,16.77,45044,76584918.0,2.44,2.32,0.39,5.93
2024-11-06,688334,17.2,17.0,17.29,16.8,45652,77939795.0,2.85,-0.99,-0.17,6.01
2024-11-07,688334,17.0,17.32,17.35,16.78,37722,64718675.0,3.35,1.88,0.32,4.96
2024-11-08,688334,17.47,17.49,17.87,17.4,48288,85091224.0,2.71,0.98,0.17,6.36
2024-11-11,688334,17.46,18.33,18.65,17.41,64434,116603387.0,7.09,4.8,0.84,8.48
2024-11-12,688334,18.39,17.96,18.5,17.79,53084,96066880.0,3.87,-2.02,-0.37,6.99
2024-11-13,688334,18.06,18.0,18.17,17.68,28873,51778384.0,2.73,0.22,0.04,3.8
2024-11-14,688334,18.09,17.5,18.32,17.49,38848,69415463.0,4.61,-2.78,-0.5,5.11
2024-11-15,688334,17.41,17.11,17.68,17.05,27635,48019262.0,3.6,-2.23,-0.39,3.64
2024-11-18,688334,17.2,16.72,17.2,16.58,25834,43489815.0,3.62,-2.28,-0.39,3.4
2024-11-19,688334,16.89,17.08,17.15,16.72,23971,40636501.0,2.57,2.15,0.36,3.15
2024-11-20,688334,17.04,17.29,17.43,16.98,26870,46264893.0,2.63,1.23,0.21,3.54
2024-11-21,688334,17.15,17.19,17.38,17.03,23387,40157675.0,2.02,-0.58,-0.1,3.08
2024-11-22,688334,17.05,16.42,17.11,16.38,22957,38488893.0,4.25,-4.48,-0.77,3.02
2024-11-25,688334,16.5,16.5,16.54,16.27,15919,26096748.0,1.64,0.49,0.08,2.1
2024-11-26,688334,16.6,16.31,16.69,16.26,13346,21975752.0,2.61,-1.15,-0.19,1.76
2024-11-27,688334,16.3,16.51,16.51,15.92,22822,37012219.0,3.62,1.23,0.2,3.0
2024-11-28,688334,16.53,16.48,16.67,16.41,16612,27502467.0,1.57,-0.18,-0.03,2.19
2024-11-29,688334,16.48,16.69,16.83,16.4,17714,29510693.0,2.61,1.27,0.21,2.33
2024-12-02,688334,16.69,16.97,16.97,16.68,22751,38291902.0,1.74,1.68,0.28,2.99
2024-12-03,688334,16.96,16.9,17.0,16.76,19128,32302012.0,1.41,-0.41,-0.07,2.52
2024-12-04,688334,16.88,16.65,16.89,16.47,19874,33179495.0,2.49,-1.48,-0.25,2.62
2024-12-05,688334,16.58,16.76,16.79,16.55,13199,22044141.0,1.44,0.66,0.11,1.74
2024-12-06,688334,16.84,16.76,16.86,16.64,24733,41433652.0,1.31,0.0,0.0,3.26
2024-12-09,688334,16.76,16.75,16.86,16.61,16697,27983213.0,1.49,-0.06,-0.01,2.2
2024-12-10,688334,17.18,16.72,17.27,16.66,35178,59475087.0,3.64,-0.18,-0.03,4.63
2024-12-11,688334,16.74,16.96,16.98,16.73,24130,40765560.0,1.5,1.44,0.24,3.18
2024-12-12,688334,17.0,17.16,17.25,16.91,32598,55864954.0,2.0,1.18,0.2,4.29
2024-12-13,688334,17.27,16.83,17.27,16.81,24187,41124502.0,2.68,-1.92,-0.33,3.18
2024-12-16,688334,16.83,16.84,17.1,16.73,18946,32044228.0,2.2,0.06,0.01,2.49
2024-12-17,688334,16.91,16.49,16.95,16.39,20545,34281917.0,3.33,-2.08,-0.35,2.7
2024-12-18,688334,16.6,16.75,16.82,16.43,17884,29825503.0,2.37,1.58,0.26,2.35
2024-12-19,688334,16.65,16.93,17.04,16.52,19512,32863252.0,3.1,1.07,0.18,1.27
2024-12-20,688334,16.81,17.03,17.18,16.81,26021,44263306.0,2.19,0.59,0.1,1.69
2024-12-23,688334,17.03,16.61,17.1,16.54,25712,43174111.0,3.29,-2.47,-0.42,1.67
2024-12-24,688334,16.75,16.77,16.97,16.62,20217,33901664.0,2.11,0.96,0.16,1.31
2024-12-25,688334,16.79,16.39,16.79,16.28,25075,41241576.0,3.04,-2.27,-0.38,1.63
2024-12-26,688334,16.4,16.59,16.79,16.33,20799,34567128.0,2.81,1.22,0.2,1.35
2024-12-27,688334,16.59,16.77,16.92,16.52,17251,28927321.0,2.41,1.08,0.18,1.12
2024-12-30,688334,16.88,16.64,16.9,16.58,14901,24955389.0,1.91,-0.78,-0.13,0.97
2024-12-31,688334,16.66,16.33,16.78,16.29,19079,31539718.0,2.94,-1.86,-0.31,1.24
2025-01-02,688334,16.33,16.03,16.4,15.9,20633,33258439.0,3.06,-1.84,-0.3,1.34
2025-01-03,688334,15.95,15.92,16.25,15.84,19907,31928499.0,2.56,-0.69,-0.11,1.29
2025-01-06,688334,16.0,16.14,16.22,15.71,15341,24644118.0,3.2,1.38,0.22,1.0
2025-01-07,688334,16.29,16.16,16.29,15.87,11342,18222017.0,2.6,0.12,0.02,0.74
2025-01-08,688334,16.15,15.93,16.15,15.71,15333,24417237.0,2.72,-1.42,-0.23,1.0
2025-01-09,688334,15.87,15.9,16.04,15.83,6701,10692004.0,1.32,-0.19,-0.03,0.44
2025-01-10,688334,15.89,15.79,15.98,15.73,8066,12799399.0,1.57,-0.69,-0.11,0.52
2025-01-13,688334,15.86,15.84,15.92,15.6,8923,14061509.0,2.03,0.32,0.05,0.58
2025-01-14,688334,15.85,16.18,16.19,15.77,21608,34719431.0,2.65,2.15,0.34,1.41
2025-01-15,688334,16.08,15.86,16.15,15.83,10010,15967913.0,1.98,-1.98,-0.32,0.65
2025-01-16,688334,15.89,15.96,16.09,15.78,10624,16944513.0,1.95,0.63,0.1,0.69
2025-01-17,688334,15.87,16.15,16.21,15.87,11129,17894352.0,2.13,1.19,0.19,0.72
2025-01-20,688334,16.34,16.26,16.39,16.16,11069,18062914.0,1.42,0.68,0.11,0.72
2025-01-21,688334,16.37,16.35,16.38,16.21,10488,17096642.0,1.05,0.55,0.09,0.68
2025-01-22,688334,16.27,16.27,16.35,16.14,6896,11213747.0,1.28,-0.49,-0.08,0.45
2025-01-23,688334,16.28,16.11,16.41,16.11,14421,23529313.0,1.84,-0.98,-0.16,0.94
2025-01-24,688334,16.12,16.32,16.35,16.06,10282,16691794.0,1.8,1.3,0.21,0.67
2025-01-27,688334,16.4,16.24,16.45,16.2,11590,18908615.0,1.53,-0.49,-0.08,0.75
2025-02-05,688334,16.39,16.32,16.4,16.15,15489,25203030.0,1.54,0.49,0.08,1.01
2025-02-06,688334,16.4,16.4,16.49,16.22,16907,27702848.0,1.65,0.49,0.08,1.1
2025-02-07,688334,16.45,16.44,16.62,16.35,34235,56555755.0,1.65,0.24,0.04,2.23
2025-02-10,688334,16.55,16.52,16.58,16.38,18574,30559292.0,1.22,0.49,0.08,1.21
2025-02-11,688334,16.52,16.53,16.65,16.36,24322,40106956.0,1.76,0.06,0.01,1.58
2025-02-12,688334,16.55,16.74,16.88,16.5,31396,52467550.0,2.3,1.27,0.21,2.04
2025-02-13,688334,16.63,16.51,16.75,16.46,23063,38250226.0,1.73,-1.37,-0.23,1.5
2025-02-14,688334,16.46,16.49,16.6,16.4,14238,23477221.0,1.21,-0.12,-0.02,0.93
2025-02-17,688334,16.52,16.69,16.76,16.4,24162,40246004.0,2.18,1.21,0.2,1.57
2025-02-18,688334,16.69,16.4,16.91,16.37,26615,44439776.0,3.24,-1.74,-0.29,1.73
2025-02-19,688334,16.39,16.72,16.76,16.39,25961,43238381.0,2.26,1.95,0.32,1.69
2025-02-20,688334,16.81,16.73,16.81,16.61,20950,35045286.0,1.2,0.06,0.01,1.36
2025-02-21,688334,16.74,16.74,16.81,16.52,31614,52796004.0,1.73,0.06,0.01,2.06
2025-02-24,688334,16.9,16.77,16.9,16.54,26725,44706117.0,2.15,0.18,0.03,1.74
2025-02-25,688334,17.09,17.01,17.27,16.84,58144,99316139.0,2.56,1.43,0.24,3.78
2025-02-26,688334,17.01,17.02,17.22,16.96,37964,64911434.0,1.53,0.06,0.01,2.47
2025-02-27,688334,17.1,16.98,17.1,16.75,29141,49326339.0,2.06,-0.24,-0.04,1.9
2025-02-28,688334,16.95,16.65,16.98,16.6,26522,44467562.0,2.24,-1.94,-0.33,1.73
2025-03-03,688334,16.76,16.94,17.05,16.66,30866,52300674.0,2.34,1.74,0.29,2.01
2025-03-04,688334,16.86,17.14,17.18,16.85,23071,39447725.0,1.95,1.18,0.2,1.5
2025-03-05,688334,17.19,17.18,17.26,17.02,21647,37066017.0,1.4,0.23,0.04,1.41
2025-03-06,688334,17.25,17.34,17.41,17.1,29985,51863429.0,1.8,0.93,0.16,1.95
2025-03-07,688334,17.35,17.34,17.45,17.2,23992,41543941.0,1.44,0.0,0.0,1.56
2025-03-10,688334,17.36,17.41,17.6,17.31,24410,42633971.0,1.67,0.4,0.07,1.59
2025-03-11,688334,17.32,17.42,17.53,17.22,16621,28936495.0,1.78,0.06,0.01,1.08
2025-03-12,688334,17.61,17.83,18.12,17.44,42774,75884995.0,3.9,2.35,0.41,2.78
2025-03-13,688334,17.9,17.79,18.12,17.64,37668,67403589.0,2.69,-0.22,-0.04,2.45
2025-03-14,688334,17.77,17.74,17.85,17.5,31925,56387702.0,1.97,-0.28,-0.05,2.08
2025-03-17,688334,17.9,17.61,17.9,17.58,21859,38604756.0,1.8,-0.73,-0.13,1.42
2025-03-18,688334,17.67,17.87,17.87,17.6,22264,39545162.0,1.53,1.48,0.26,1.45
2025-03-19,688334,18.07,17.88,18.07,17.78,26603,47686647.0,1.62,0.06,0.01,1.73
2025-03-20,688334,17.89,17.62,17.89,17.61,23671,41927356.0,1.57,-1.45,-0.26,1.54
2025-03-21,688334,17.62,17.4,17.75,17.35,25634,44876321.0,2.27,-1.25,-0.22,1.67
2025-03-24,688334,17.4,17.43,17.6,17.18,26886,46796554.0,2.41,0.17,0.03,1.75
2025-03-25,688334,17.35,17.42,17.64,17.29,17716,30972682.0,2.01,-0.06,-0.01,1.15
2025-03-26,688334,17.03,17.15,17.18,16.81,32981,56107403.0,2.12,-1.55,-0.27,2.15
2025-03-27,688334,17.11,16.95,17.18,16.79,24162,40996547.0,2.27,-1.17,-0.2,1.57
2025-03-28,688334,16.96,17.08,17.28,16.96,22434,38430801.0,1.89,0.77,0.13,1.46
2025-03-31,688334,17.12,16.94,17.17,16.7,21382,36144724.0,2.75,-0.82,-0.14,1.39
2025-04-01,688334,16.96,17.2,17.3,16.9,15321,26306122.0,2.36,1.53,0.26,1.0
2025-04-02,688334,17.24,17.36,17.46,17.11,17423,30240614.0,2.03,0.93,0.16,1.13
2025-04-03,688334,17.38,17.27,17.44,17.05,13099,22572161.0,2.25,-0.52,-0.09,0.85
2025-04-07,688334,16.7,15.1,16.77,14.7,46171,72777908.0,11.99,-12.57,-2.17,3.0
2025-04-08,688334,15.25,15.13,15.43,14.79,52033,78808450.0,4.24,0.2,0.03,3.38
2025-04-09,688334,14.85,15.48,15.59,14.51,35367,53408477.0,7.14,2.31,0.35,2.3
2025-04-10,688334,15.71,16.07,16.24,15.71,34654,55586831.0,3.42,3.81,0.59,2.25
2025-04-11,688334,16.18,15.92,16.34,15.89,43984,70677586.0,2.8,-0.93,-0.15,2.86
2025-04-14,688334,15.95,16.09,16.17,15.95,29457,47340423.0,1.38,1.07,0.17,1.92
2025-04-15,688334,16.15,15.96,16.15,15.83,17005,27131859.0,1.99,-0.81,-0.13,1.11
2025-04-16,688334,15.96,15.85,15.99,15.64,17181,27148324.0,2.19,-0.69,-0.11,1.12
2025-04-17,688334,15.68,15.88,16.02,15.67,14659,23288454.0,2.21,0.19,0.03,0.95
2025-04-18,688334,15.84,15.9,15.96,15.72,11142,17675744.0,1.51,0.13,0.02,0.72
2025-04-21,688334,15.82,16.07,16.14,15.77,15682,25074098.0,2.33,1.07,0.17,1.02
2025-04-22,688334,16.04,16.12,16.18,16.01,11216,18056609.0,1.06,0.31,0.05,0.73
2025-04-23,688334,16.2,16.28,16.39,16.13,13808,22441083.0,1.61,0.99,0.16,0.9
2025-04-24,688334,16.3,16.31,16.42,16.15,19196,31312713.0,1.66,0.18,0.03,1.25
2025-04-25,688334,16.3,16.42,16.45,16.27,12726,20832273.0,1.1,0.67,0.11,0.83
2025-04-28,688334,16.42,16.42,16.52,16.28,19727,32380039.0,1.46,0.0,0.0,1.28
2025-04-29,688334,16.43,16.55,16.59,16.38,16540,27329688.0,1.28,0.79,0.13,1.08
2025-04-30,688334,16.6,16.53,16.63,16.4,20488,33873566.0,1.39,-0.12,-0.02,1.33
2025-05-06,688334,16.63,16.95,16.98,16.53,27550,46336197.0,2.72,2.54,0.42,1.79
2025-05-07,688334,16.99,16.78,17.08,16.76,25940,43821166.0,1.89,-1.0,-0.17,1.69
2025-05-08,688334,16.75,16.87,16.98,16.71,20339,34371113.0,1.61,0.54,0.09,1.32
2025-05-09,688334,16.88,16.74,16.91,16.67,17597,29569138.0,1.42,-0.77,-0.13,1.14
2025-05-12,688334,16.88,16.87,17.06,16.78,21033,35580728.0,1.67,0.78,0.13,1.37
2025-05-13,688334,16.96,16.78,16.99,16.75,17667,29772577.0,1.42,-0.53,-0.09,1.15
2025-05-14,688334,16.72,16.65,16.86,16.52,18793,31303451.0,2.03,-0.77,-0.13,1.22
2025-05-15,688334,16.6,16.54,16.73,16.5,20800,34496917.0,1.38,-0.66,-0.11,1.35
2025-05-16,688334,16.53,16.53,16.66,16.51,12649,20995060.0,0.91,-0.06,-0.01,0.82
2025-05-19,688334,16.51,16.62,16.64,16.46,18085,29935911.0,1.09,0.54,0.09,1.18
2025-05-20,688334,16.6,16.9,16.93,16.55,23283,38933572.0,2.29,1.68,0.28,1.51
2025-05-21,688334,16.84,17.04,17.39,16.84,32416,55610749.0,3.25,0.83,0.14,2.11
2025-05-22,688334,17.03,16.78,17.09,16.76,23226,39272745.0,1.94,-1.53,-0.26,1.51
2025-05-23,688334,16.76,16.61,16.89,16.58,18209,30487368.0,1.85,-1.01,-0.17,1.18
2025-05-26,688334,16.71,16.75,16.78,16.58,15559,25956744.0,1.2,0.84,0.14,1.01
2025-05-27,688334,16.76,16.63,16.76,16.56,12304,20468511.0,1.19,-0.72,-0.12,0.8
2025-05-28,688334,16.75,16.55,16.75,16.49,15357,25442087.0,1.56,-0.48,-0.08,1.0
2025-05-29,688334,16.6,16.91,16.94,16.54,22520,37819606.0,2.42,2.18,0.36,1.46
2025-05-30,688334,16.85,16.9,17.09,16.84,17272,29273945.0,1.48,-0.06,-0.01,1.12
2025-06-03,688334,16.89,16.92,16.92,16.78,15831,26680140.0,0.83,0.12,0.02,1.03
2025-06-04,688334,16.97,16.9,17.0,16.84,15707,26556103.0,0.95,-0.12,-0.02,1.02
2025-06-05,688334,16.9,16.85,16.99,16.85,14862,25138121.0,0.83,-0.3,-0.05,0.97
2025-06-06,688334,16.75,16.65,16.77,16.58,14634,24367257.0,1.13,-1.19,-0.2,0.95
2025-06-09,688334,16.81,16.78,16.81,16.6,15791,26471855.0,1.26,0.78,0.13,1.03
2025-06-10,688334,16.82,16.72,16.85,16.6,16425,27466550.0,1.49,-0.36,-0.06,1.07
2025-06-11,688334,16.8,16.82,16.91,16.72,19832,33385986.0,1.14,0.6,0.1,1.29
2025-06-12,688334,16.84,16.72,16.9,16.7,16429,27517165.0,1.19,-0.59,-0.1,1.07
2025-06-13,688334,16.71,16.98,17.07,16.66,33493,56607021.0,2.45,1.56,0.26,2.18
2025-06-16,688334,16.98,16.96,17.06,16.82,28096,47508974.0,1.41,-0.12,-0.02,1.83
2025-06-17,688334,17.0,16.84,17.0,16.74,21289,35873075.0,1.53,-0.71,-0.12,1.38
2025-06-18,688334,16.85,16.9,16.92,16.72,16904,28449932.0,1.19,0.36,0.06,1.1
2025-06-19,688334,16.91,16.48,16.93,16.44,20013,33358484.0,2.9,-2.49,-0.42,1.3
2025-06-20,688334,16.48,16.46,16.66,16.39,17280,28509511.0,1.64,-0.12,-0.02,1.12
2025-06-23,688334,16.43,16.57,16.63,16.36,10607,17495850.0,1.64,0.67,0.11,0.69
2025-06-24,688334,16.58,16.85,16.88,16.56,24428,41021110.0,1.93,1.69,0.28,1.56
2025-06-25,688334,16.95,16.93,16.95,16.83,20923,35378646.0,0.71,0.47,0.08,1.33
2025-06-26,688334,16.99,16.84,17.01,16.78,22398,37837109.0,1.36,-0.53,-0.09,1.43
2025-06-27,688334,16.85,16.96,16.98,16.85,25859,43779259.0,0.77,0.71,0.12,1.65
2025-06-30,688334,17.01,17.18,17.28,16.97,35454,60915929.0,1.83,1.3,0.22,2.26
2025-07-01,688334,17.23,17.2,17.33,17.01,33837,58102739.0,1.86,0.12,0.02,2.16
2025-07-02,688334,17.18,17.2,17.26,17.1,22706,39027333.0,0.93,0.0,0.0,1.45
2025-07-03,688334,17.22,17.18,17.23,17.11,19897,34158680.0,0.7,-0.12,-0.02,1.27
2025-07-04,688334,17.2,17.04,17.2,17.0,21475,36705947.0,1.16,-0.81,-0.14,1.37
2025-07-07,688334,16.98,17.31,17.31,16.98,25913,44547487.0,1.94,1.58,0.27,1.65
2025-07-08,688334,17.32,17.34,17.38,17.22,21814,37760430.0,0.92,0.17,0.03,1.39
2025-07-09,688334,17.34,17.37,17.49,17.31,26271,45707404.0,1.04,0.17,0.03,1.67
2025-07-10,688334,17.38,17.4,17.45,17.28,17612,30558855.0,0.98,0.17,0.03,1.12
2025-07-11,688334,17.45,17.48,17.49,17.28,24048,41862607.0,1.21,0.46,0.08,1.53
2025-07-14,688334,17.51,17.91,18.33,17.46,57349,103372464.0,4.98,2.46,0.43,3.66
2025-07-15,688334,17.9,17.65,17.99,17.57,39391,69660826.0,2.35,-1.45,-0.26,2.51
2025-07-16,688334,17.7,17.73,17.84,17.55,27672,48994249.0,1.64,0.45,0.08,1.76
2025-07-17,688334,17.77,17.9,17.95,17.76,28470,50872449.0,1.07,0.96,0.17,1.81
2025-07-18,688334,17.88,18.06,18.08,17.78,23586,42307926.0,1.68,0.89,0.16,1.5
2025-07-21,688334,18.42,19.12,19.37,18.42,95884,180974746.0,5.26,5.87,1.06,6.11
2025-07-22,688334,19.05,20.5,20.59,18.67,156585,306775002.0,10.04,7.22,1.38,9.98
2025-07-23,688334,20.4,19.3,20.4,19.01,136427,265678485.0,6.78,-5.85,-1.2,8.69
2025-07-24,688334,19.11,19.16,19.47,18.89,72850,139542225.0,3.01,-0.73,-0.14,4.64
2025-07-25,688334,19.3,18.93,19.3,18.76,56545,107313061.0,2.82,-1.2,-0.23,3.6
2025-07-28,688334,19.09,19.0,19.13,18.8,32046,60823665.0,1.74,0.37,0.07,2.04
2025-07-29,688334,19.03,19.03,19.12,18.85,38676,73400996.0,1.42,0.16,0.03,2.46
2025-07-30,688334,19.01,18.97,19.19,18.86,36386,69214941.0,1.73,-0.32,-0.06,2.32
2025-07-31,688334,18.92,18.5,19.03,18.43,57875,108164047.0,3.16,-2.48,-0.47,3.69
2025-08-01,688334,18.47,18.59,18.66,18.4,28550,52894052.0,1.41,0.49,0.09,1.82
2025-08-04,688334,18.59,18.69,18.77,18.53,27038,50402432.0,1.29,0.54,0.1,1.72
2025-08-05,688334,18.78,18.76,18.84,18.64,26505,49621028.0,1.07,0.37,0.07,1.69
2025-08-06,688334,18.76,18.78,18.83,18.7,27619,51843648.0,0.69,0.11,0.02,1.76
2025-08-07,688334,18.85,18.75,18.9,18.69,26447,49638109.0,1.12,-0.16,-0.03,1.69
2025-08-08,688334,18.76,18.85,18.87,18.63,24415,45817373.0,1.28,0.53,0.1,1.56
2025-08-11,688334,18.75,19.02,19.1,18.75,35605,67599039.0,1.86,0.9,0.17,2.27
2025-08-12,688334,19.1,18.94,19.14,18.86,29516,56082168.0,1.47,-0.42,-0.08,1.88
2025-08-13,688334,19.01,18.99,19.08,18.86,26494,50209871.0,1.16,0.26,0.05,1.69
2025-08-14,688334,19.05,18.63,19.05,18.6,35537,66806830.0,2.37,-1.9,-0.36,2.26
2025-08-15,688334,18.66,18.93,18.94,18.55,36583,68767732.0,2.09,1.61,0.3,2.33
2025-08-18,688334,19.0,19.11,19.3,19.0,44759,85616621.0,1.58,0.95,0.18,2.85
2025-08-19,688334,19.19,19.0,19.21,18.93,32457,61810851.0,1.47,-0.58,-0.11,2.07
2025-08-20,688334,19.07,19.16,19.17,18.9,29927,56955407.0,1.42,0.84,0.16,1.91
2025-08-21,688334,19.98,19.49,20.5,19.33,104398,206899843.0,6.11,1.72,0.33,6.65
2025-08-22,688334,19.58,19.12,19.78,19.07,65309,125552888.0,3.64,-1.9,-0.37,4.16
2025-08-25,688334,19.2,19.28,19.58,19.17,57457,111011055.0,2.14,0.84,0.16,3.66
2025-08-26,688334,19.25,19.14,19.3,19.09,37696,72349276.0,1.09,-0.73,-0.14,2.4
2025-08-27,688334,19.1,18.87,19.4,18.87,51731,99085315.0,2.77,-1.41,-0.27,3.3
2025-08-28,688334,18.82,18.7,18.98,18.31,52721,98244954.0,3.55,-0.9,-0.17,3.36
2025-08-29,688334,18.73,18.78,19.02,18.6,37287,70205146.0,2.25,0.43,0.08,2.38
2025-09-01,688334,18.82,18.89,19.05,18.76,26833,50780731.0,1.54,0.59,0.11,1.71
2025-09-02,688334,18.95,18.55,18.97,18.33,33149,61613915.0,3.39,-1.8,-0.34,2.11
2025-09-03,688334,18.58,18.57,18.64,18.33,20507,37909718.0,1.67,0.11,0.02,1.31
2025-09-04,688334,18.55,18.47,18.82,18.27,30213,56144146.0,2.96,-0.54,-0.1,1.93
2025-09-05,688334,18.5,18.82,18.85,18.43,27851,52143108.0,2.27,1.89,0.35,1.78
2025-09-08,688334,18.83,19.52,19.55,18.83,50331,97130572.0,3.83,3.72,0.7,3.21
2025-09-09,688334,19.52,19.32,19.6,19.2,29500,57144890.0,2.05,-1.02,-0.2,1.88
2025-09-10,688334,19.3,19.19,19.32,19.03,24054,46074399.0,1.5,-0.67,-0.13,1.53
2025-09-11,688334,19.18,19.25,19.28,18.98,28261,54188589.0,1.56,0.31,0.06,1.8
2025-09-12,688334,19.15,19.04,19.17,18.85,33844,64260926.0,1.66,-1.09,-0.21,2.16
2025-09-15,688334,19.05,19.25,19.44,18.89,38361,73737446.0,2.89,1.1,0.21,2.44
2025-09-16,688334,19.29,19.15,19.29,18.96,22742,43399617.0,1.71,-0.52,-0.1,1.45
2025-09-17,688334,19.16,19.2,19.25,19.0,23983,45882130.0,1.31,0.26,0.05,1.53
2025-09-18,688334,19.23,18.92,19.24,18.7,27637,52595477.0,2.81,-1.46,-0.28,1.76
2025-09-19,688334,18.77,18.75,19.0,18.61,19289,36185818.0,2.06,-0.9,-0.17,1.23
2025-09-22,688334,18.76,18.77,18.86,18.56,20444,38214502.0,1.6,0.11,0.02,1.3
2025-09-23,688334,18.77,18.6,18.83,18.25,30397,56109406.0,3.09,-0.91,-0.17,1.94
2025-09-24,688334,18.55,19.0,19.01,18.5,24642,46337342.0,2.74,2.15,0.4,1.57
2025-09-25,688334,19.03,19.17,19.25,18.92,27234,52082506.0,1.74,0.89,0.17,1.74
2025-09-26,688334,19.2,19.15,19.43,19.06,26828,51727963.0,1.93,-0.1,-0.02,1.71
2025-09-29,688334,19.15,19.42,19.42,18.98,26948,52040608.0,2.3,1.41,0.27,1.72
2025-09-30,688334,19.55,19.28,19.55,19.14,32718,63176833.0,2.11,-0.72,-0.14,2.09
2025-10-09,688334,19.29,19.75,19.89,19.2,48181,94285876.0,3.58,2.44,0.47,3.07
2025-10-10,688334,19.6,20.38,20.48,19.58,68398,137893646.0,4.56,3.19,0.63,4.36
2025-10-13,688334,19.71,21.19,21.81,19.67,119891,252959850.0,10.5,3.97,0.81,7.64
2025-10-14,688334,21.24,20.86,21.76,20.8,94008,199627813.0,4.53,-1.56,-0.33,5.99
2025-10-15,688334,20.8,21.75,21.8,20.8,91284,195577581.0,4.79,4.27,0.89,5.82
2025-10-16,688334,21.69,21.47,22.19,21.3,70490,152197972.0,4.09,-1.29,-0.28,4.49
2025-10-17,688334,21.5,20.79,21.64,20.7,69355,145882411.0,4.38,-3.17,-0.68,4.42
2025-10-20,688334,20.95,20.71,21.41,20.54,56307,117572996.0,4.18,-0.38,-0.08,3.59
2025-10-21,688334,20.72,21.16,21.23,20.7,42345,88836645.0,2.56,2.17,0.45,2.7
2025-10-22,688334,21.36,20.44,21.41,20.36,62813,129193417.0,4.96,-3.4,-0.72,4.0
2025-10-23,688334,20.6,20.37,20.6,20.06,50239,101559982.0,2.64,-0.34,-0.07,3.2
2025-10-24,688334,20.5,20.49,20.59,20.24,36278,74047345.0,1.72,0.59,0.12,2.31
2025-10-27,688334,20.57,20.85,21.18,20.5,54364,113059530.0,3.32,1.76,0.36,3.46
2025-10-28,688334,20.75,20.53,20.85,20.46,35564,73459229.0,1.87,-1.53,-0.32,2.27
2025-10-29,688334,20.61,21.3,21.58,20.48,64233,135823264.0,5.36,3.75,0.77,4.09
2025-10-30,688334,21.31,20.88,21.31,20.78,43840,92233901.0,2.49,-1.97,-0.42,2.79
2025-10-31,688334,20.91,20.83,21.05,20.73,29569,61718732.0,1.53,-0.24,-0.05,1.88
2025-11-03,688334,20.83,20.73,20.99,20.5,41121,85255537.0,2.35,-0.48,-0.1,2.62
2025-11-04,688334,20.8,20.61,21.48,20.52,62121,129675948.0,4.63,-0.58,-0.12,3.96
2025-11-05,688334,20.41,21.17,21.3,20.14,87337,181516226.0,5.63,2.72,0.56,5.57
2025-11-06,688334,21.1,22.12,22.95,21.1,134591,297601357.0,8.74,4.49,0.95,8.58
2025-11-07,688334,21.99,21.7,22.35,21.65,77487,169791205.0,3.16,-1.9,-0.42,4.94
2025-11-10,688334,21.67,21.46,21.89,21.38,56912,122752512.0,2.35,-1.11,-0.24,3.63
2025-11-11,688334,21.48,21.02,21.65,20.9,63719,135042968.0,3.49,-2.05,-0.44,4.06
2025-11-12,688334,21.1,20.88,21.14,20.58,48326,100388373.0,2.66,-0.67,-0.14,3.08
2025-11-13,688334,20.87,20.94,21.03,20.78,28562,59719637.0,1.2,0.29,0.06,1.82
2025-11-14,688334,20.83,20.39,20.84,20.38,40401,82986470.0,2.2,-2.63,-0.55,2.57
2025-11-17,688334,20.37,20.11,20.42,20.03,29677,59846883.0,1.91,-1.37,-0.28,1.89
2025-11-18,688334,20.18,19.85,20.18,19.84,25952,51777761.0,1.69,-1.29,-0.26,1.65
2025-11-19,688334,19.92,19.64,19.92,19.5,25746,50659334.0,2.12,-1.06,-0.21,1.64
2025-11-20,688334,19.8,19.44,19.8,19.37,23676,46188469.0,2.19,-1.02,-0.2,1.51
2025-11-21,688334,19.33,18.38,19.35,18.38,65760,123014426.0,4.99,-5.45,-1.06,4.19
2025-11-24,688334,18.64,18.54,18.65,18.33,27373,50564781.0,1.74,0.87,0.16,1.74
2025-11-25,688334,18.68,18.78,18.85,18.51,26996,50582931.0,1.83,1.29,0.24,1.72
2025-11-26,688334,18.81,18.59,18.81,18.51,21758,40637551.0,1.6,-1.01,-0.19,1.39
2025-11-27,688334,18.65,18.81,18.88,18.63,22922,43026394.0,1.34,1.18,0.22,1.46
2025-11-28,688334,18.84,18.89,18.9,18.66,15163,28530355.0,1.28,0.43,0.08,0.97
2025-12-01,688334,18.95,18.93,19.04,18.85,21797,41241726.0,1.01,0.21,0.04,1.39
2025-12-02,688334,18.9,18.7,18.91,18.65,13853,25947076.0,1.37,-1.22,-0.23,0.88
2025-12-03,688334,18.69,18.8,18.9,18.55,17228,32280911.0,1.87,0.53,0.1,1.1
2025-12-04,688334,18.86,18.77,18.93,18.69,12024,22606425.0,1.28,-0.16,-0.03,0.77
2025-12-05,688334,18.77,19.05,19.06,18.66,21717,41061638.0,2.13,1.49,0.28,1.38
2025-12-08,688334,19.06,19.18,19.35,18.97,26644,51012759.0,1.99,0.68,0.13,1.7
2025-12-09,688334,19.17,19.18,19.38,19.11,17389,33468162.0,1.41,0.0,0.0,1.11
2025-12-10,688334,19.28,19.05,19.28,18.86,21601,41032380.0,2.19,-0.68,-0.13,1.38
2025-12-11,688334,19.0,18.79,19.08,18.72,26595,50219245.0,1.89,-1.36,-0.26,1.69
2025-12-12,688334,18.8,19.36,19.44,18.8,37212,71392565.0,3.41,3.03,0.57,2.37
2025-12-15,688334,19.4,19.15,19.4,19.11,28374,54500752.0,1.5,-1.08,-0.21,1.81
2025-12-16,688334,19.25,18.82,19.25,18.7,21731,40958962.0,2.87,-1.72,-0.33,1.38
2025-12-17,688334,18.82,19.0,19.0,18.52,25764,48240215.0,2.55,0.96,0.18,1.64
2025-12-18,688334,18.97,18.86,18.99,18.78,14153,26757270.0,1.11,-0.74,-0.14,0.9
2025-12-19,688334,18.94,19.17,19.27,18.92,18391,35193783.0,1.86,1.64,0.31,1.17
2025-12-22,688334,19.13,19.26,19.3,19.12,17405,33485032.0,0.94,0.47,0.09,1.11
2025-12-23,688334,19.3,19.12,19.31,19.03,17283,33047430.0,1.45,-0.73,-0.14,1.1
2025-12-24,688334,19.12,19.32,19.35,19.0,17025,32745044.0,1.83,1.05,0.2,1.09
2025-12-25,688334,19.33,19.59,19.62,19.25,24604,48040768.0,1.92,1.4,0.27,1.57
2025-12-26,688334,19.65,19.57,19.65,19.34,21401,41770077.0,1.58,-0.1,-0.02,1.36
2025-12-29,688334,19.61,19.38,19.61,19.32,18222,35370247.0,1.48,-0.97,-0.19,1.16
2025-12-30,688334,19.45,19.33,19.5,19.32,16615,32191755.0,0.93,-0.26,-0.05,1.06
2025-12-31,688334,19.42,19.36,19.42,19.21,14241,27515620.0,1.09,0.16,0.03,0.91
2026-01-05,688334,19.5,19.76,19.96,19.47,41774,82353659.0,2.53,2.07,0.4,2.66
2026-01-06,688334,19.75,19.78,19.85,19.66,29945,59135077.0,0.96,0.1,0.02,1.91
2026-01-07,688334,19.84,20.26,20.55,19.78,65334,132149700.0,3.89,2.43,0.48,4.16
2026-01-08,688334,20.29,20.34,20.53,20.12,42939,87490269.0,2.02,0.39,0.08,2.74
